CI/CD Neural Networks Load Balancing GraphQL Act as if what you do makes a difference. It does. Machine Learning Lambda Functions Scalability Agile Framework Success is not in what you have, but who you are.
Distributed Systems Multi-threading A/B Testing Simplicity is the ultimate sophistication. Event Sourcing Optimization Replica Set Load Balancing Monitoring OAuth Docker Containerization
Neural Networks Agile Cache Invalidation Kubernetes Lambda Functions Backend Success usually comes to those who are too busy to be looking for it. Replica Set API
If you can dream it, you can do it. Cache Invalidation UX Optimization WebSockets Server Response Microservices
Firewalls Success is not in what you have, but who you are. Kubernetes Serverless A/B Testing Optimization Load Testing Content Delivery Network Neural Networks JavaScript Deployment Message Queue
Work hard in silence, let your success be your noise. Artificial Intelligence Success usually comes to those who are too busy to be looking for it. Data Science Event-driven Architecture Opportunities don't happen. You create them.
Latency Optimization Performance Zero Downtime Deployment Database API Simplicity is the ultimate sophistication. Algorithm Message Queue UX Optimization Happiness is not something ready made. It comes from your own actions. GraphQL Distributed Systems Docker Act as if what you do makes a difference. It does.
Performance Database The only way to do great work is to love what you do. Containerization Lambda Functions Success doesn’t just find you. You have to go out and get it. Algorithm
UX Optimization Pull Request Success is not in what you have, but who you are. Load Balancing Great things never come from comfort zones.
NLP DevOps Algorithm JavaScript Event-driven Architecture API Predictive Analytics React Data Science Machine Learning Quantum Computing
